1,Kelly,Linao,59693
2,Arie,Espírito Santo do Pinhal,27691
3,Karole,Nisporeni,60642
4,Vanda,Kokemäki,11937
5,Matelda,Köln,72111
6,Bobby,Budapest,40609
7,Justis,Paris 06,55459
8,Linnell,Bayan,96865
9,June,Paprotnia,23133
10,Rebeka,Iḩsim,98915
11,Francoise,La Cumbre,64254
12,Tiffani,Duekoué,98308
13,Alica,Fuhe,44893
14,Flem,Årjäng,95244
15,Leanor,Kapatagan,11818
16,Roxanna,Gongqiao,66881
17,Serge,Sunzhen,6395
18,Danni,Piastów,93313
19,Derward,Oskarshamn,1554
20,Shaylynn,Kuleqi,73611
21,Gabe,Zhangguanying,69355
22,Cord,Harrison Brook,85833
23,Cicily,Canton,71753
24,Gabie,Xucheng,97493
25,Griffin,Hobscheid,13990
26,Norry,Hengqiao,43595
27,Clarette,Pomichna,22699
28,Decca,Rakszawa,50386
29,Cord,Itororó,98475
30,Jasen,Verkhniye Achaluki,77640
31,Melly,Ngawi,48794
32,Andreana,Donetsk,57008
33,Lianna,Nanjie,32910
34,Thomas,Boca Suno,27575
35,Dorice,Chafé,64571
36,Alyse,Huangjiakou,17506
37,Isaiah,Buriti Bravo,19032
38,Barry,Chok Chai,51564
39,Forrest,Binonga,30352
40,Leon,Tvarožná,18899
41,Ardis,São Vicente de Ferreira,56026
42,Boony,Guamal,56016
43,Pippa,Dandian,75904
44,Miltie,El Paso,53719
45,Carmelia,Gordeyevka,52994
46,Billy,Qianyou,56984
47,Morissa,Uurainen,70342
48,Moselle,Dailekh,86124
49,Kalie,Wawa,30356
50,Lowell,Tari,36193
51,Deloria,Xiaoying,84779
52,Helaina,Melun,63366
53,Aldridge,Liqiao,70764
54,Melodie,Fengren,66861
55,Weider,Nishi-Tokyo-shi,79646
56,Griselda,Tulyushka,69575
57,Franzen,Cireundang,54500
58,Mikael,Tanakawu Dua,30316
59,Agosto,Vladimirskaya,25104
60,Alister,Kedung,61695
61,Odelinda,Messíni,18634
62,Ferdinande,Olszyna,66257
63,Tremain,Bolszewo,66296
64,Ruby,Rondonópolis,22843
65,Dickie,Cosmópolis,78086
66,Davis,Ciudad Bolívar,48614
67,Fraze,Turenki,35270
68,Robin,Anling,43882
69,Jillayne,Anuradhapura,30038
70,Mira,Dūkštas,7366
71,Janaye,Sonquil,5425
72,Loni,Kořenov,44163
73,Francisca,Baitouli,14023
74,Cleveland,Samokov,62874
75,Meaghan,Melaka,27550
76,Bianka,San Jose,78552
77,Tomas,Basicao Coastal,30792
78,Myrna,Episkopí,47793
79,Charmane,An Châu,54333
80,Adlai,Cuozhou,14431
81,Mitzi,Willemstad,44634
82,Antony,Mumias,53773
83,Ameline,Portela,62597
84,Ulick,Iroquois Falls,90359
85,Clarice,Mojokerto,66966
86,Twila,Trubchevsk,7165
87,Darn,Monastyrishche,50480
88,Karen,Ar Rahad,22829
89,Thornie,Tours,77323
90,Archie,Bat Khela,85377
91,Gabbie,Saint David’s,60152
92,Darren,Brest,49628
93,Gwenore,Las Tejeras,60739
94,Nananne,Horad Krychaw,50498
95,Nicola,Takahama,81387
96,Eleonora,Oleszyce,54717
97,Aharon,Dimitrovgrad,84536
98,Dorene,Carlos Barbosa,32430
99,Dorotea,Pondokkaha Kelod,25244
100,Bil,Czudec,32343
101,Hasheem,Baoli,93745
102,Cassius,Grande Rivière du Nord,4099
103,Karry,Huacao,18741
104,Jarib,Shahe,28027
105,Conny,Tokyo,64841
106,Terrence,Lapi,22962
107,Dela,Avignon,57086
108,Kyla,Pingling,4086
109,Sheelagh,Merefa,18234
110,Virge,Tall Rif‘at,57842
111,Zebadiah,Agen,66394
112,Luigi,Saronída,36655
113,Tyler,Verkhovyna,13805
114,Dodie,Zopilotepe,35603
115,Genevra,Baihe,24909
116,Eugenio,Nuits-Saint-Georges,37752
117,Chelsy,Kuma,98228
118,Roxane,San Bernardino,61042
119,Sam,Acajutla,74938
120,Myrna,Liên Chiểu,81974
121,Kinny,Borogontsy,69114
122,Hillyer,Pysznica,76457
123,Barbie,Naxos,81586
124,Jedediah,Karangsari,5476
125,Kimbra,Xibu,57886
126,Lynda,Arendal,35666
127,Pavia,Kuilehe,21951
128,Elfreda,Tanahwangko,98119
129,Kass,Müllendorf,98539
130,Morgen,Lianhua,81459
131,Augie,Ivanteyevka,68339
132,Marylynne,Seseng,82420
133,Arlyn,Środa Wielkopolska,40885
134,Ashlin,Monte da Pedra,58506
135,Desiri,Stockholm,54262
136,Celestyn,Manhan,62517
137,Llewellyn,Harjavalta,65859
138,Frasco,Mao,77959
139,Chip,Cruz das Almas,88063
140,Willette,Perosinho,99600
141,Brinna,Belfort,89638
142,Tadeas,Buluh Kasap,15814
143,Gabriell,Kalianda,76219
144,Kimberlyn,Orguz,31590
145,Joey,Nysa,33154
146,Margaux,Farah,85665
147,Harmony,Ursus,47540
148,Mechelle,Cartagena,20040
149,Felicio,San Francisco,20269
150,Read,Shihudang,43321
151,Hannis,Eastern Suburbs Mc,98118
152,Ardisj,Malesína,8243
153,Mirabel,San Jorge,55121
154,Tanitansy,Guomaying,47032
155,Shirl,Lyon,5337
156,Ester,Mingyue,94560
157,Lydon,Itapeva,96158
158,Bethany,Fonte da Vaca,75152
159,Crystie,Lyon,14573
160,Golda,Bapska,53446
161,Chancey,Namibe,67514
162,Elwyn,Stony Plain,99703
163,Pembroke,Kizlyar,82964
164,Neila,Lubbock,49726
165,Britta,Līkak,84494
166,Gus,Yanbei,52154
167,Celisse,Barberena,73081
168,Lucho,Všeruby,19565
169,Harvey,Songnim,90459
170,Christopher,Votuporanga,48189
171,Dewey,Bungur,26797
172,Egan,Zhujiang,59087
173,Thoma,Yiqian,96601
174,Ignacius,Panjakent,44383
175,Sheela,Casal de Cambra,26212
176,Monte,Burnside,46645
177,Madge,Lewin Kłodzki,54700
178,Georgine,Nanterre,32349
179,Kellby,Chotcza,46139
180,Shannen,Chư Ty,89506
181,Jessi,Jiangdulu,38572
182,Patrizia,Kieta,56870
183,Camellia,Shikārpur,99702
184,Laurie,Pavino,8813
185,Iain,Labao,77406
186,Rubie,Malusac,52941
187,Audi,U Minh,95774
188,Knox,Tong’an,50125
189,Ara,Sobreda,55277
190,Isa,Riolândia,52844
191,May,Senggreng,42906
192,Bax,Stockholm,69747
193,Brnaba,Al Jawf,51503
194,Gerty,Dassun,44626
195,Caroline,Danxia,91446
196,Masha,Balgatay,72484
197,Hilliary,Ochobo,87940
198,Nicol,Klášter,17785
199,Tonie,Xinkai,80189
200,Diandra,Smålandsstenar,62252
201,Cinderella,Spassk,31863
202,Brendin,Queenstown,92225
203,Si,Ýpsonas,97278
204,Gideon,Kano,60882
205,Gibby,Żoliborz,68857
206,Garth,Koba,57558
207,Edlin,San Juan Sacatepéquez,53360
208,Ricky,Mompach,20687
209,Prince,Vyškov,50683
210,Pippo,Marseille,81261
211,Rowena,Plasy,3420
212,Veradis,Manganitu,41320
213,Cheryl,Pisões,53846
214,Gwenneth,Salmi,26560
215,Damara,Sukhothai,83572
216,Nicki,Man,57653
217,Benedikt,Niu,54999
218,Israel,Fangtai,6755
219,Norma,Rostov-na-Donu,64048
220,Corabel,Guangming,75727
221,Arie,Xianghe,33728
222,Codie,Erie,86937
223,Tobin,Alíartos,13772
224,Linus,Suchen,1681
225,Briana,Kinéta,37942
226,Grace,Saint-Denis,59794
227,Bamby,Toila,59296
228,Drew,Salakuray,73236
229,Giraud,Hujirt,7704
230,Gertruda,Stenungsund,93535
231,Constantino,Cumanacoa,69788
232,Cirstoforo,Enonkoski,98872
233,Adler,Sutukung,92458
234,Kally,Quinta,59707
235,Grenville,Komenda,41092
236,Marleah,Balogo,39736
237,Putnam,Daru Rilwan,79545
238,Sasha,Guadalupe,13163
239,Deloris,Ulricehamn,34600
240,Deena,Bauang,17440
241,Petrina,Houping,15087
242,Theresa,Calbuco,59028
243,Jeth,Daxing,76664
244,Stirling,Charlotte,61202
245,Marten,Angers,78581
246,Darcey,Dorp Antriol,63514
247,Brucie,Vale das Mós,44505
248,Anthea,São Lourenço da Mata,8516
249,Reed,Vila,66165
250,Maurizia,Fengchan,79537
251,Arluene,Shangtianba,2590
252,Archibold,Pavlodar,62644
253,Norma,Iralaya,49888
254,Herbert,Targuist,52922
255,Reinold,Cocachacra,92262
256,Dominga,Boyang,54670
257,Bryon,Rönninge,22228
258,Bernita,Mae Ramat,44217
259,Richmound,Gongfang,67728
260,Dorris,Feijó,45141
261,Revkah,Ocoyo,80966
262,Glad,Babakanjaya,25708
263,Cchaddie,Burgkirchen,12974
264,Padraic,Tubigan,70063
265,Ketty,Poctol,9164
266,Allie,Manalad,48670
267,Janifer,Xincheng Chengguanzhen,77340
268,Veradis,Leluo,41457
269,Kendre,Rostock,16951
270,Mayor,Valtelheiro,24843
271,Nyssa,Gueltat Zemmour,58982
272,Tarra,Furong,91832
273,Holden,Ruangwa,56623
274,Caty,Qiankeng,66325
275,Scott,Tikhvin,65791
276,Joella,Ganghwa-gun,21427
277,Reginald,Ma’ao,83496
278,Kat,Gonayiv,17289
279,Randell,Panambi,87116
280,Leone,Terneuzen,76114
281,Thorn,Chalon-sur-Saône,11261
282,Cassandre,Concepción del Uruguay,53632
283,Gertie,Novi Slankamen,54099
284,Derrek,Termas de Río Hondo,9295
285,Silvester,Sulahan,75074
286,Zedekiah,Uluale,48738
287,Aigneis,Senneterre,20845
288,Kippie,Prochnookopskaya,14253
289,Kylen,Nkhotakota,4069
290,Maury,Maiyema,27063
291,Celka,Vårgårda,67574
292,Regan,Thạnh Mỹ,32409
293,Benyamin,Aragarças,46803
294,Andie,Ticrapo,64766
295,Marj,Qom,84433
296,Laina,Ouranoupolis,94373
297,Candy,Feteira Grande,67819
298,Wrennie,Xiaoshiqiao,76317
299,Rikki,Yanwang,90534
300,Allianora,Nzérékoré,56023
301,Austin,Caucaia,85481
302,Mavis,Lypnyazhka,58476
303,Sanson,Brangsi,4597
304,Dolley,Baitashan,33489
305,Howie,Wangchang,14730
306,Arabella,Labao,5214
307,Mahmoud,Bardalah,54590
308,Julianna,Oslo,34647
309,Ernie,Baoshan,77786
310,Langston,Caucaia,64337
311,Lory,Sundsvall,20974
312,Ruthanne,Peski,2076
313,Neil,Aldeia,50185
314,Geraldine,Sankui,93504
315,Bennie,Goléré,92031
316,Stacee,Delft,37530
317,Sandi,Libenge,58327
318,Rog,Huancapi,45338
319,Galven,Pandak,39827
320,Etan,Dalu,34731
321,Sabina,Tasovčići,79702
322,Alverta,Belo Jardim,19405
323,Rance,San Angelo,9530
324,Lazare,Roma,36661
325,Charlean,Tân Hiệp,63494
326,Elfrieda,Eloúnda,56820
327,Dukey,Banho e Carvalhosa,16445
328,Barrie,Pirassununga,29099
329,Arabela,Örebro,61279
330,Rose,Juegang,62789
331,Rita,Swords,75585
332,Ulrick,Koronadal,20921
333,Rheta,Gimbi,2522
334,Ramona,Oropós,77215
335,Parker,Jianmin,76812
336,Rosemary,Yanji,89892
337,Leisha,Vynohradivka,95186
338,Pat,Guicheng,44431
339,Chrissie,Niort,97791
340,Stacia,Mambago,62809
341,Haydon,La Ceja,99799
342,Cathryn,Cuenca,70199
343,Mellisent,Nakhon Pathom,33878
344,Torie,Ciusul,80113
345,Daniela,Le Port,19771
346,Mady,Williamsfield,23760
347,Ewen,Matanzas,44516
348,Barbe,Pensacola,96827
349,Felisha,Tuqiao,21452
350,Milo,El Paso,84463
351,Lindon,Na Thawi,65254
352,Maggie,Orhei,21448
353,Ransom,Pu’er,97738
354,Tabina,Shiyan,96674
355,Gerick,Maliiha,73448
356,Aldo,Jiangfeng,23460
357,Tootsie,Sansheng,92722
358,Felecia,Gelatik,20545
359,Steffie,Bosanski Brod,43837
360,Corinne,Jinrui,64660
361,Augie,Kaczory,56695
362,Delphinia,Sibut,9388
363,Torrance,Sunzhen,59362
364,Sonny,Titab,79410
365,Janella,Dongguan,64534
366,Giffy,Dlemer,70344
367,Dina,Marsada,27480
368,Somerset,Wonokerto,50800
369,Grazia,Zhenqiao,28195
370,Giacopo,Beizhakou,28192
371,Tybie,Salto de Pirapora,29156
372,Pippo,Siyang,90831
373,Leoline,Sawankhalok,16457
374,Oralia,Ranilug,38385
375,Alfie,Baojia,57338
376,Spense,Changsha,37719
377,Jacklin,Mainz,40635
378,Zedekiah,Shuihu,17691
379,Idette,Dal’neye Konstantinovo,37530
380,Christoph,Praingkareha,9136
381,Elva,Mairana,8408
382,Tybalt,Amarillo,6908
383,Jobey,Haolaishan,20912
384,Josee,Xiongzhou,50828
385,Roshelle,Songgang,97009
386,Lorettalorna,Pincher Creek,92535
387,Delainey,Ogōri-shimogō,32963
388,Quintana,Donghoufang,13581
389,Renaud,Kristinestad,47279
390,Ludovico,Quintã,90013
391,Michail,Boniewo,19550
392,Gabe,Almeirim,11262
393,Layton,Okahandja,24220
394,Amii,Wiang Chiang Rung,81570
395,Giffie,Gande,93308
396,Wanids,San Jose Village,85238
397,Danni,Banyuurip,58798
398,Griz,Beringinjaya,26118
399,Gaultiero,Lišov,72233
400,Aharon,Perivóli,6807
401,Rowland,Lai Cách,85376
402,Bobbi,Baiqi,9794
403,Hillie,Fangqiang,29094
404,Roi,Puerto Barrios,72422
405,Wendie,Zhushan,78395
406,Priscella,Aix-en-Provence,49423
407,Theo,Medenychi,24310
408,Morly,Berlin,38740
409,Michelina,Lille,53446
410,Rayner,Jājarm,93958
411,Russell,Modosinal,41311
412,Falito,Campo Formoso,91105
413,Peggy,Chynów,47619
414,Lelah,Otok,8521
415,Pauline,Badai,60996
416,Lucy,Tajumulco,54734
417,Eziechiele,Hanchang,15728
418,L;urette,Besançon,67696
419,Jasmina,Busilak,74179
420,Husein,Port Saint Lucie,50763
421,Selene,Bantilan,45014
422,Traver,Songhu,22444
423,Tera,Skorogoszcz,95971
424,Terra,Cincinnati,55230
425,Karlotta,Nastola,97203
426,Catherin,Al Faḩāḩīl,30773
427,Marielle,Ipaba,9998
428,Caralie,Tonglin,34659
429,Melina,Vilca,68732
430,Marjy,Vale,48281
431,Geoff,Kibiya,93740
432,Kaitlynn,Sakharovo,88431
433,Riley,Qinglong,95949
434,Hamish,Taokeng,21121
435,Veriee,Höshigiyn-Ar,22886
436,Janna,Isojoki,2286
437,Yuri,Dinaig,5555
438,Zerk,São Joaquim,22217
439,Ignacio,Companhia de Baixo,54736
440,Bianca,Fenghuang,2113
441,Madonna,Borås,65978
442,Maximo,Ayagoz,92471
443,Bendix,Dzikowiec,61158
444,Georgeanna,Battambang,60276
445,Gawen,Embarcación,34052
446,Garrek,Mardakyany,68874
447,Delmore,Huangzhuang,66295
448,Brennan,Krasnotorka,63068
449,Ruby,Pocito,73204
450,Tore,Yishui,91025
451,Lorens,Okrouhlice,70960
452,Almira,Dzhiginka,87973
453,Tanhya,Banjar Pedawa,21855
454,Zorana,Mingyu,15740
455,Gayle,Cerenti,49732
456,Jolene,Oepuah,67089
457,Isador,Puttalam,88530
458,Tracie,Shilovo,93261
459,Johnette,Chongxian,73464
460,Rhonda,El Paraíso,82281
461,Ginger,Golčův Jeníkov,5519
462,Stern,Nai Harn,35313
463,Reggie,Paris 18,61351
464,Tammi,Logroño,38031
465,Arliene,Ibaiti,62154
466,Evangelina,Cabay,90050
467,Chaim,El Porvenir,84769
468,Corabel,Basseterre,80768
469,Imojean,Bamenda,52476
470,Amalle,Thamaga,4453
471,Garald,Unanu,87146
472,Nil,Atlanta,63799
473,Reggi,Weiguo,35532
474,Ileane,Banyliv,30818
475,Norina,Purda,7974
476,Ruttger,Örebro,35182
477,Basilius,Itapipoca,50829
478,Falkner,Mingelchaur,19618
479,Gipsy,Bandera,95632
480,Easter,San Ramon,3871
481,Mart,San Andrés Xecul,20786
482,Aimil,Sam Roi Yot,92278
483,Rhett,Nestório,25643
484,Napoleon,Skellefteå,87923
485,Vilhelmina,Zhushan,99030
486,Levy,Yongheshi,13353
487,Hetti,Kotayk’,15821
488,Mata,El Guamo,26721
489,Elvis,Åkersberga,74132
490,Lynnelle,Buenos Aires,32512
491,Carmen,Mubende,24725
492,Dorene,Taurage,50573
493,Rosella,Matsuyama,63656
494,Rosalynd,Wonosari,32515
495,Sigismond,Condong,82770
496,Sioux,Hualgayoc,28656
497,Germana,Zgornje Jezersko,24376
498,Nydia,Rio de Janeiro,85442
499,Vincent,Biljača,92365
500,Wandie,Granica,5873
501,Andriette,Xin’an,47399
502,Sarita,Birmingham,37581
503,Giordano,Sāh,57433
504,Rosco,Porsgrunn,80915
505,Bennie,Zhongcheng,29978
506,Nilson,Rios Frios,17150
507,Johnathon,Ash Shajarah,60597
508,Timofei,Ya’erya,97456
509,Lise,Campinas,52800
510,Dulce,Maodian,38133
511,Cort,Pasarkolot,42982
512,Neda,Krasnyy Klyuch,99517
513,Ham,Lamduan,39410
514,Elbert,Parigi,79101
515,Eliot,Brzyska,76543
516,Domini,Tours,86658
517,Halsey,Krajansumbermujur,79577
518,Kiri,Japeri,60160
519,Lisetta,Cesson-Sévigné,67824
520,Brit,Lavras da Mangabeira,37808
521,Hayes,Mirzāpur,75793
522,Karalynn,Wenci,78607
523,Dyann,Vologda,23199
524,Jojo,Charat,79435
525,Cully,Conceição da Barra,30727
526,Aviva,Santa Monica,90209
527,Maye,Písečná,11022
528,Ketti,Pardelhas,92999
529,Bethina,Uyuni,42829
530,Jae,Agriá,32224
531,Norean,Kuznechnoye,80232
532,Nelle,Qinglong,40609
533,Aleen,Kaduna,29595
534,Feodora,Tocok,74942
535,Urson,Lindome,76159
536,Bob,Rautjärvi,50654
537,Avigdor,Nice,79212
538,Anthony,Faro,34000
539,Brina,Elista,49624
540,Nicolai,Santa Barbara,60355
541,Selinda,Fortios,1845
542,Arin,Sibagat,84245
543,Kassey,Krajan,82355
544,Goldia,Yangzhuang,12361
545,Delcine,Beni Khiar,40570
546,Florian,Vientiane,35940
547,Marney,Gaozhai,35790
548,Bobbie,Pokrovka,26352
549,Liliane,Dahuaishu,73429
550,Thorin,Kristiansand S,36126
551,Dorothee,Shakhta,63256
552,Phillie,Paris La Défense,59914
553,Jacobo,New Orleans,47618
554,Janeczka,Banjar Gunungpande,74902
555,Shelby,Pirassununga,19225
556,Jacki,Rambatan,29299
557,Barbi,Phra Nakhon Si Ayutthaya,1569
558,Pollyanna,Paris 03,72847
559,Celina,Greenhills,49277
560,Cara,Łękawica,19080
561,Smith,Kangaslampi,53543
562,Thea,Kigoma,91291
563,Lisette,Alejo Ledesma,27145
564,Koral,Traiguén,70354
565,Kris,Kapshagay,72394
566,Adrianna,Bình Minh,21739
567,Rourke,Miaotang,19582
568,Pris,Aguaí,65754
569,Mikol,Tarouca,47112
570,Sherie,Songfeng,98735
571,Camellia,Mamponteng,62662
572,Bryanty,Sawahan,68154
573,Genevra,Benjamin Constant,17043
574,Lindsey,Klenica,29724
575,Camille,Mawa,78629
576,Shel,Ishigaki,99021
577,Floyd,Barreiro,70029
578,Shay,Arapongas,86585
579,Kenon,Lyalichi,95768
580,Angil,Seremban,20433
581,Bond,Tarusan,64965
582,Talia,Esperalvillo,65854
583,Melonie,Layo,16553
584,Jennine,Taiping,94926
585,Quillan,Kamaishi,19819
586,Perle,Ferreiros,17297
587,Ambros,Pedro Santana,31948
588,Paloma,Valenciennes,65981
589,Berta,Arnhem,57115
590,Glynis,Lazaro Cardenas,90526
591,Corry,Kamwenge,11854
592,Karlene,Xinzhai,56534
593,Salem,Choropampa,70350
594,Felipe,Odrinhas,50461
595,Nehemiah,Marcara,32905
596,Amelie,Kayima,63574
597,Roze,Omaruru,58820
598,Raymond,Binangun,20691
599,Lars,Union,10994
600,Jerrilyn,Cran-Gevrier,87920
601,Milena,Al Miftāḩ,55467
602,Kaylil,Tasīl,45650
603,Shawn,Karangasem,27796
604,Nessi,Fontaínhas,75965
605,Katti,Xinhua,65151
606,Cherri,Timpas,45381
607,Leda,Pambuhan,81942
608,Clayborne,Za‘tarah,72269
609,Tait,Shalamzār,11235
610,Torrin,Quinchía,27476
611,Alikee,Meicheng,17372
612,Tamarah,Xishaqiao,48239
613,Cliff,San José,18438
614,Drucill,Kaduluhur,76707
615,Saxe,Shanhou,15839
616,Mahmud,Cookshire-Eaton,54636
617,Blondelle,Sandia,62331
618,Ariella,Grigoropolisskaya,85516
619,Alvis,Colquechaca,54917
620,Hannie,Bromma,23304
621,Christy,Sandviken,77970
622,Row,Mbuji-Mayi,46141
623,Kippie,Yallahs,45505
624,Kerianne,Ban Chang,83574
625,Benedicta,Xiayang,52589
626,Rudiger,Iwkowa,26176
627,Nike,Néa Ankhíalos,67352
628,Manda,Shinaihai,96606
629,Sharona,Fenyan,37894
630,Angil,Martigues,88767
631,Starr,Kaset Sombun,73997
632,Maible,Matumadua,24586
633,Joyce,Iperu,47818
634,Onfre,Dacun,23299
635,Cesya,Velingrad,67241
636,Berta,城郊,56160
637,Leupold,Olmos,2282
638,Blane,Pondaguitan,40072
639,Amabel,Tartu,2983
640,Bennie,'Ali Sabieh,70013
641,Shauna,Labège,5843
642,Bobina,Kodinsk,78651
643,Ceciley,Londrina,73787
644,Tarah,Talawi,92244
645,Merv,Fresnes,44504
646,Guenna,Lužani,20476
647,Corrina,Sankera,39933
648,Woodrow,Cayambe,47626
649,Sandra,Angers,19538
650,Meridith,Acli,29144
651,Jamesy,Vathýlakkos,97541
652,Britt,Timur,19977
653,Alayne,Bagjasari,27591
654,Jayson,Rączna,41035
655,Faye,Zagreb,80094
656,Gelya,Bihać,94807
657,Domenic,Dū Laīnah,22810
658,Patton,Jizhou,54800
659,Mirelle,Nankang,46863
660,Malachi,Hamburg,84816
661,Gerome,Putrajawa,55795
662,Jewell,Hudai,1920
663,Guillemette,Challhuahuacho,97640
664,Sky,Sunne,77339
665,Florentia,Al Majd,74057
666,Luisa,El Paso,93052
667,Tedd,Lundo,47405
668,Dee dee,Xinxing,2477
669,Carey,København,76511
670,Jeanine,Baoziba,22804
671,Cary,Patong,25289
672,Stephen,Monasterevin,88488
673,Carter,Laško,13877
674,Gerhardt,Xinbu,87701
675,Dyane,Oslo,33913
676,Leila,Baiqi,68305
677,Remy,Hongwei,75159
678,Debera,Mugumu,3868
679,Pete,Tutem,59559
680,Nikola,Pang,92931
681,Giacinta,Puncaktugu,81944
682,Jennee,Sangzhen,43283
683,Eda,Sendangagung,93085
684,Graeme,Åtvidaberg,16311
685,Danette,Malahide,81695
686,Dode,Trilj,35381
687,Dulcine,Wadung,83106
688,Danny,Cigintung,27444
689,Nancy,Qianjia,30804
690,Henri,Lukovo,81067
691,Jaclin,Sogod,65229
692,Averil,Al Jumūm,79123
693,Bastien,Batan,20874
694,Hughie,Cimaung Kidul,96627
695,Zabrina,Novomyshastovskaya,40905
696,Donaugh,Intibucá,34638
697,Ansley,Niu,16477
698,Camala,Uttaradit,56551
699,Royce,Bërxull,81662
700,Byram,Psyzh,20747
701,Ana,Aimorés,16630
702,Carla,Kole,25992
703,Joshuah,Desa Borogojol,49607
704,Selig,Dubinino,14613
705,Christophe,Xuwei,15745
706,Melli,Montréal-Est,6228
707,Kiersten,Mwinilunga,48473
708,Bianka,Combapata,49275
709,Ollie,Padangcermin,1970
710,Vida,Radovitskiy,71274
711,Jared,Gechuan,12524
712,Madison,Tía Juana,89278
713,Carolina,Arnprior,21901
714,Rowen,Jiangshan,78494
715,Locke,Ayapel,44083
716,Charlot,Daminggong,72269
717,Concordia,Orekhovo-Zuyevo,95464
718,Benson,Bisert’,99243
719,Ariela,Wulin,37967
720,Jonah,Yancheng,40229
721,Galina,Mor Laok,29367
722,Hector,Yutan,1163
723,Antonino,Kroczyce,34036
724,Averill,Caçapava,47008
725,Maximilien,Souflí,76303
726,Iver,São Pedro Gafanhoeira,13288
727,Marilee,Taman,22796
728,Carolyn,Cabalawan,91810
729,Maud,Bambuí,27386
730,Cathie,Esperantina,29692
731,Rhoda,Cuogang,26013
732,Justine,San Juan,29861
733,Ario,Planaltina,96022
734,Raychel,Sanjiang,46914
735,Hiram,Sumberjo,82365
736,Colas,Matsena,91601
737,Dirk,Ergong,96864
738,Galvan,Koryukivka,66463
739,Baron,Igbo-Ukwu,3317
740,Jerry,Tangjian,43301
741,Katya,Ashiya,63664
742,Lula,Ribeirinha,12942
743,Igor,Askainen,28266
744,Lanna,Damaying,47178
745,Jerad,Boldumsaz,90304
746,Bing,Zwolle,30962
747,Curtis,Beddeng,91645
748,Farrah,Xicheng,81335
749,Baillie,Telhado,42365
750,Karia,Jambulang,59001
751,Payton,Thị Trấn Việt Lâm,12808
752,Flory,Blizne,63647
753,Jeanette,Lansing,80754
754,Doug,Saraqinishtë,19922
755,Shay,Alicante/Alacant,79847
756,Petronilla,Pailou,89391
757,Rossy,Caldas da Rainha,85287
758,Koenraad,Santa Rosa de Aguán,68182
759,Valeda,Heshui,77527
760,Hashim,General Belgrano,81574
761,Jecho,Kabare,1961
762,Monti,Liverpool,12657
763,Rivalee,Yixi,49812
764,Rodrique,Espérance Trébuchet,83788
765,Jeanelle,Karangdalam,41509
766,Temp,Wanquan,47661
767,Fidelia,Avignon,4178
768,Bernie,Medvedevo,32682
769,Nickolaus,Gelin,10912
770,Carter,Mariposa,53802
771,Rufus,Lekas,15517
772,Marja,Sekondi-Takoradi,29407
773,Tedman,Cereté,35448
774,Burtie,Asahi,97732
775,Mel,Higashimurayama-shi,40278
776,Melessa,Jatinagara,24849
777,Benson,Kizema,38887
778,Ash,Arthur’s Town,11251
779,Antonio,Bełk,47543
780,Allistir,Garhi Yāsīn,87608
781,Karissa,Argotirto Krajan,27055
782,Cart,Kabare,81639
783,Violetta,Xue’an,18163
784,Celestine,Boston,88709
785,Pat,Lepanto,22306
786,Amalie,Paghmān,42409
787,Bernette,Tamahú,8083
788,Gabie,Xinsheng,81244
789,Marten,Jatirejo,27341
790,Benedetta,Annecy,9050
791,Jacklyn,Tobruk,18359
792,Oralee,Bhamdoun,18474
793,Leeland,Saryaghash,51355
794,Malynda,Miaofengshan,28029
795,Ashlee,Rodópoli,15851
796,Ced,Tambak,67532
797,Teriann,Tiechang,84294
798,Anatole,Batouri,88468
799,Ashlan,Surcubamba,84726
800,Angie,San Marcos,77872
801,Ginevra,Ta’erqi,52073
802,Filmer,Sōja,16800
803,Pierce,Verkhnyaya Khava,43847
804,Cameron,Springfield,78743
805,Jinny,Valle San Francisco,93162
806,Toby,Veldhoven,50535
807,Caryl,Kadubera,15401
808,Nikolia,Zarzis,89719
809,Gracia,Jinhua,86847
810,Gib,Sierra Imataca,81559
811,Nikaniki,Bāglung,9192
812,Calli,Petaling Jaya,58315
813,Gussie,Wolong,47492
814,Alon,Kamenné Žehrovice,11783
815,Nelia,Tembayangan Barat,14432
816,Waite,Panjiang,66277
817,Pammy,Rio Meão,88366
818,Sam,Dolní Dvořiště,9052
819,Tiphanie,Glugu,24911
820,Dulciana,Juyuan,37782
821,Edith,Kafr Zaytā,76400
822,Gideon,Queenstown,28487
823,Ab,Riangwale,83933
824,Brena,Bajo Naranjillo,67492
825,Jillane,Benito Juarez,30120
826,Weylin,Maclear,33168
827,Estella,Mojo,78487
828,Deirdre,Limoeiro do Norte,53622
829,Lisetta,Farmahīn,60039
830,Malcolm,Dartang,34770
831,Charlene,Abū Tīj,48389
832,Ody,Gustavia,64462
833,Gabriel,Alunda,45183
834,Mignonne,Крушево,22052
835,Mirabella,Limit,35022
836,Temple,Arani,83088
837,Xaviera,Araguaína,48049
838,Devan,Yara,75464
839,Karna,Heqiao,19273
840,Arleyne,Jadho,36398
841,Jehu,Masaguisi,22593
842,Dee,Shekou,12916
843,Clair,Petung,46925
844,Rupert,Dongchuan,63400
845,Hyacinthe,Nong Ki,60811
846,Bethena,Lidingö,28850
847,Louie,Mahuta,63928
848,Ailey,Talā,5768
849,Rog,Yishi,26891
850,Saidee,Dolati,94612
851,Lacie,Songkan,24407
852,Karna,Lelekovice,11105
853,Maritsa,Sigeng,11325
854,Clarinda,Shankeng,98446
855,Frants,Guandu,50520
856,Caspar,Likhobory,15631
857,Isobel,Longkou,95315
858,Valerie,Puyang,84762
859,Nelli,Muriaé,92641
860,Dasie,Ventspils,98130
861,Courtnay,Zakan-Yurt,69675
862,Kellia,Hinapalanan,7608
863,Sansone,Pīrgaaj,60528
864,Sile,Jianli,97350
865,Milton,Čačinci,10854
866,Jefferey,Maquiapo,92987
867,Allina,Jaba‘,37495
868,Dru,Dong’an,96847
869,Osbert,Tarīm,75322
870,Skipp,Corroios,60767
871,Zollie,Puhja,29540
872,Cindy,Luxor,32361
873,Chicky,Padre Bernardo,93363
874,Fifine,Shitouhe,62321
875,Natalina,Amapala,55165
876,Vanda,Staryy Urukh,31531
877,Corrina,Hernando,29746
878,Rafaelita,Thị Trấn Lâm,78580
879,Edy,Västervik,55318
880,Duky,Yinghua,80074
881,Ursulina,Mojokerto,27940
882,Adel,Oriximiná,97560
883,Clyde,Rybatskoye,4907
884,Quintilla,Krasnaya Polyana,62887
885,Kimberli,Shatura,39987
886,Forbes,Alençon,77480
887,Raychel,Rahayu Dua,91935
888,Valentina,Nanfeng,34934
889,Marthe,Gagarin,70183
890,Susannah,Sandao,85474
891,Jeramey,Ntonggu,99393
892,Sanders,Seda,46553
893,Kendricks,Lourdes,8635
894,Anatollo,Guataquí,93146
895,Antonietta,Bobota,52917
896,Teena,Uptar,72162
897,Dido,Unanu,13773
898,Niles,Jiguan,14025
899,Tawsha,Torrijos,71640
900,Ortensia,Girang,34052
901,Enos,Jelah,60311
902,Kellina,Warren,29584
903,Henrie,Tampa,73660
904,Nico,Kuncen,58215
905,Miles,Grande Rivière du Nord,72263
906,Osmond,Foumbouni,7099
907,Bernadette,Rukem,42688
908,Pollyanna,Kumalarang,48454
909,Tarah,München,83650
910,Thadeus,Balaoang,43847
911,Sissy,Si Satchanalai,83419
912,Dru,Springbok,53337
913,Aridatha,Qulaybīyah,62483
914,Eugenius,Cacocum,54172
915,Brynn,Wakayama-shi,55662
916,Felicdad,Moravče,58447
917,Margaretta,Didi Lilo,44517
918,Melosa,Kijang,47828
919,Harp,Kharbathā Banī Ḩārith,7309
920,Amata,Moundou,32930
921,Almire,Minna,59656
922,Horace,Cikadongdong,66703
923,Hannis,Temara,72023
924,Alfy,Kovernino,88769
925,Faydra,Sebasang,14333
926,Ludwig,Vierzon,10562
927,Jethro,Kribi,59310
928,Emilee,Rāmhormoz,73536
929,Jacinthe,Chonchi,2384
930,Luis,Strání,66305
931,Mikaela,Chunhua,42713
932,Alikee,Khulm,57918
933,Lucita,Krzyżanów,35652
934,Tiffanie,Zhaxi,61073
935,Odelle,Kemiri,33990
936,Gabriella,Phú Lộc,68191
937,Alain,Kalinkavichy,55666
938,Maureene,Baraguá,37764
939,Reeta,Ganlin,18879
940,Duane,Longfeng,55136
941,Arman,Moog,15543
942,Fey,Xiejiaya,77540
943,Rhetta,Zhanghekou,28503
944,Cristian,Mohale’s Hoek,27400
945,Idelle,Kayar,66403
946,Darnall,Mēga,72013
947,Nefen,Lere,9004
948,Jerome,Sumbersarikrajan,32578
949,Granville,Ordynskoye,78959
950,Gerry,Qulsary,77652
951,Tom,Alqueva,73898
952,Anna,Albany,46596
953,Vincent,Shangyanzhuang,87061
954,Meyer,Francisco Villa,17841
955,Dorthy,Huangling,84529
956,Brew,Tenri,11326
957,Janka,Itu,22233
958,Dorry,Tunjë,93639
959,Vivianne,Qiuchuan,37199
960,Anette,Suchedniów,99840
961,Amabelle,Baing,69178
962,Kathryn,Zhangdan,13783
963,Dag,Divača,96110
964,Phineas,Bulupayung,31535
965,Alvira,Quintães,84331
966,Adair,Morales,48940
967,Victoria,Leńcze,27208
968,Ebonee,Pliska,56925
969,Myrtia,Rockford,66741
970,Karlens,Hekou,59236
971,Rube,Zakroczym,50831
972,Sharline,Liudu,27571
973,Susy,Nerópolis,83091
974,Beale,Vasyshcheve,51090
975,Benedicto,Dianzi,50591
976,Ashleigh,Pagangan,96711
977,Israel,Glagahdowo,39632
978,Sharia,Czarna Dąbrówka,41738
979,Cazzie,Villeneuve-sur-Lot,55287
980,Shani,Tenjolaya,85281
981,Grete,Ereencav,21067
982,Sigismond,Vannes,7909
983,Josefina,Luau,91074
984,Dugald,Pégeia,70934
985,Keri,Ijuí,70425
986,Beryle,Xindi,84594
987,Lexi,Zijin,47869
988,Carny,Ban Mai,34226
989,Kakalina,Ringinrejo,78830
990,Job,Gelin,94557
991,Correy,Gakem,17580
992,Freddi,Temizhbekskaya,32471
993,Ceciley,Yu’erhong,23335
994,Ginnie,Fukagawa,90622
995,Ashla,Pegongan,20823
996,Kordula,Erechim,66531
997,Kaitlynn,Pangascasan,73520
998,Darb,Hezuoqiao,50233
999,Olly,Ta’ Xbiex,55113
1000,Claribel,Horní Suchá,14871
